date,prob,rank
2026-08-21,0.008405,8
2026-08-23,0.00957,6
2026-08-24,0.00957,6
2026-08-25,0.00355,7
2026-08-26,0.00355,7
2026-08-27,0.00217,7
2026-08-28,0.008105,6
2026-08-29,0.008105,6
2026-08-30,0.00259,7
2026-08-31,0.001245,7
2026-09-01,0.001245,7
2026-09-02,0.001335,7
2026-09-03,0.000765,7
2026-09-04,0.002225,7
2026-09-05,0.0012,7
2026-09-06,0.00159,7
2026-09-07,0.00011,8
2026-09-08,0.00011,8
2026-09-09,0.0004,8
2026-09-10,0.001135,8
2026-09-11,0.00035,8
2026-09-12,2.5e-05,8
2026-09-13,8e-05,8
2026-09-14,9.5e-05,7
2026-09-15,9.5e-05,7
2026-09-16,1.5e-05,8
2026-09-17,0.0,9
2026-09-18,0.0,9
2026-09-19,0.0,9
2026-09-20,1.5e-05,8
2026-09-21,1.5e-05,8
2026-09-22,1.5e-05,8
2026-09-23,5e-06,8
